concurrency,worker,index,status,latency_ms,wait_ms,inference_ms,batch_size,ttft_client_ms,ttft_server_ms
1,0,0,200,824.029,0.033,821.115,1.00,nan,19.683
1,0,1,200,825.205,0.034,823.054,1.00,nan,19.675
1,0,2,200,828.379,0.034,825.791,1.00,nan,19.689
1,0,3,200,825.090,0.036,821.924,1.00,nan,19.640
1,0,4,200,829.135,0.039,825.674,1.00,nan,19.908
1,0,5,200,825.163,0.038,821.697,1.00,nan,19.654
1,0,6,200,825.212,0.038,822.049,1.00,nan,19.589
1,0,7,200,825.060,0.034,822.028,1.00,nan,19.814
1,0,8,200,827.334,0.033,822.555,1.00,nan,19.715
1,0,9,200,825.150,0.038,821.911,1.00,nan,19.650
1,0,10,200,824.277,0.032,821.026,1.00,nan,19.646
1,0,11,200,825.356,0.038,821.882,1.00,nan,19.717
1,0,12,200,837.531,0.038,834.899,1.00,nan,19.710
1,0,13,200,826.667,0.019,823.847,1.00,nan,19.645
1,0,14,200,827.400,0.038,824.128,1.00,nan,19.661
1,0,15,200,825.279,0.033,822.032,1.00,nan,19.759
1,0,16,200,825.566,0.057,822.068,1.00,nan,19.790
1,0,17,200,825.795,0.056,822.317,1.00,nan,19.686
1,0,18,200,826.489,0.037,823.010,1.00,nan,19.646
1,0,19,200,826.645,0.041,823.211,1.00,nan,19.769
1,0,20,200,825.922,0.045,822.670,1.00,nan,19.794
1,0,21,200,826.285,0.033,823.890,1.00,nan,19.780
1,0,22,200,825.090,0.030,823.056,1.00,nan,19.751
1,0,23,200,824.218,0.031,822.276,1.00,nan,19.627
1,0,24,200,825.444,0.029,822.860,1.00,nan,19.585
1,0,25,200,826.511,0.032,823.332,1.00,nan,19.830
1,0,26,200,827.759,0.037,825.353,1.00,nan,19.767
1,0,27,200,825.686,0.016,822.898,1.00,nan,19.630
1,0,28,200,830.315,0.053,826.835,1.00,nan,19.815
1,0,29,200,826.233,0.038,823.339,1.00,nan,19.723
1,0,30,200,833.750,0.025,830.843,1.00,nan,19.832
1,0,31,200,826.289,0.036,823.237,1.00,nan,19.709
1,0,32,200,835.564,0.021,831.332,1.00,nan,20.007
1,0,33,200,850.524,0.033,846.687,1.00,nan,19.894
1,0,34,200,827.764,0.042,824.709,1.00,nan,20.172
1,0,35,200,827.118,0.034,824.140,1.00,nan,19.692
1,0,36,200,829.272,0.036,826.706,1.00,nan,19.837
1,0,37,200,828.965,0.035,826.883,1.00,nan,19.826
1,0,38,200,832.142,0.036,829.207,1.00,nan,19.865
1,0,39,200,828.333,0.036,825.673,1.00,nan,19.783
2,0,0,200,879.982,0.203,875.726,1.00,nan,19.895
2,1,0,200,1758.835,875.924,879.315,1.00,nan,896.878
2,0,1,200,1732.818,877.403,853.313,1.00,nan,900.203
2,1,1,200,1705.032,851.495,851.471,1.00,nan,872.041
2,0,2,200,1697.998,849.541,846.036,1.00,nan,870.043
2,1,2,200,1684.202,844.281,837.916,1.00,nan,865.431
2,0,3,200,1721.343,835.278,883.565,1.00,nan,857.049
2,1,3,200,1741.239,881.852,857.497,1.00,nan,902.161
2,0,4,200,1740.650,855.915,882.719,1.00,nan,881.671
2,1,4,200,1746.741,880.932,863.633,1.00,nan,901.851
2,0,5,200,1734.553,861.772,870.818,1.00,nan,883.019
2,1,5,200,1709.849,869.017,838.727,1.00,nan,889.178
2,0,6,200,1680.539,837.236,841.352,1.00,nan,857.974
2,1,6,200,1683.231,836.282,841.600,1.00,nan,856.826
2,0,7,200,1674.047,839.729,831.454,1.00,nan,860.493
2,1,7,200,1660.360,829.261,828.031,1.00,nan,849.366
2,0,8,200,1653.397,825.046,824.965,1.00,nan,845.289
2,1,8,200,1650.128,821.975,824.735,1.00,nan,841.831
2,0,9,200,1650.104,821.770,825.272,1.00,nan,841.801
2,1,9,200,1651.012,822.405,825.504,1.00,nan,842.502
2,0,10,200,1654.741,822.881,828.680,1.00,nan,843.137
2,1,10,200,1661.563,825.950,832.496,1.00,nan,846.163
2,0,11,200,1660.462,829.454,827.506,1.00,nan,849.748
2,1,11,200,1656.001,824.661,828.722,1.00,nan,845.328
2,0,12,200,1657.468,825.437,828.649,1.00,nan,845.716
2,1,12,200,1665.862,826.935,836.986,1.00,nan,847.123
2,0,13,200,1663.325,834.125,826.622,1.00,nan,854.467
2,1,13,200,1654.062,824.993,826.515,1.00,nan,845.590
2,0,14,200,1651.102,824.728,823.766,1.00,nan,844.834
2,1,14,200,1671.041,821.156,846.668,1.00,nan,841.413
2,0,15,200,1674.802,844.129,827.651,1.00,nan,864.691
2,1,15,200,1659.481,824.722,831.587,1.00,nan,844.821
2,0,16,200,1656.485,828.829,824.987,1.00,nan,849.061
2,1,16,200,1650.129,822.120,825.671,1.00,nan,842.347
2,0,17,200,1652.807,823.384,826.501,1.00,nan,843.599
2,1,17,200,1656.061,824.979,828.597,1.00,nan,847.947
2,0,18,200,1656.689,825.887,827.679,1.00,nan,845.915
2,1,18,200,1658.087,825.145,830.459,1.00,nan,845.395
2,0,19,200,1656.696,827.636,825.923,1.00,nan,848.218
2,1,19,200,1653.268,824.129,826.606,1.00,nan,844.218
4,1,0,200,827.207,0.154,819.980,1.00,nan,20.048
4,0,0,200,1661.386,820.200,833.664,1.00,nan,840.374
4,2,0,200,2487.882,1653.827,826.929,1.00,nan,1674.258
4,3,0,200,3317.304,2480.879,830.343,1.00,nan,2501.339
4,1,1,200,3320.091,2488.860,828.158,1.00,nan,2509.287
4,0,1,200,3328.057,2484.052,840.601,1.00,nan,2504.936
4,2,1,200,3327.887,2496.536,828.727,1.00,nan,2517.707
4,3,1,200,3326.096,2496.190,827.847,1.00,nan,2517.000
4,1,2,200,3327.670,2494.579,829.897,1.00,nan,2514.945
4,0,2,200,3316.425,2483.995,830.082,1.00,nan,2504.184
4,2,2,200,3326.740,2486.474,837.673,1.00,nan,2506.696
4,3,2,200,3323.788,2496.204,824.906,1.00,nan,2516.178
4,1,3,200,3319.645,2490.246,826.285,1.00,nan,2510.564
4,0,3,200,3322.087,2486.664,832.951,1.00,nan,2507.284
4,2,3,200,3313.482,2481.897,828.564,1.00,nan,2502.440
4,3,3,200,3315.728,2485.492,827.148,1.00,nan,2505.741
4,1,4,200,3321.558,2486.316,832.015,1.00,nan,2506.558
4,0,4,200,3313.811,2486.264,824.712,1.00,nan,2506.177
4,2,4,200,3312.121,2481.480,827.460,1.00,nan,2501.491
4,3,4,200,3310.732,2481.727,825.797,1.00,nan,2501.999
4,1,5,200,3306.150,2475.504,827.517,1.00,nan,2495.786
4,0,5,200,3307.689,2478.392,826.241,1.00,nan,2498.428
4,2,5,200,3305.368,2477.124,825.006,1.00,nan,2497.290
4,3,5,200,3309.194,2476.322,829.646,1.00,nan,2496.643
4,1,6,200,3306.381,2478.087,824.431,1.00,nan,2498.315
4,0,6,200,3306.785,2476.799,826.969,1.00,nan,2496.904
4,2,6,200,3307.076,2478.589,825.256,1.00,nan,2498.784
4,3,6,200,3303.901,2474.304,826.526,1.00,nan,2494.499
4,1,7,200,3305.544,2475.889,826.954,1.00,nan,2495.963
4,0,7,200,3306.220,2476.355,826.869,1.00,nan,2497.422
4,2,7,200,3308.645,2477.920,828.452,1.00,nan,2497.955
4,3,7,200,3309.218,2479.770,826.229,1.00,nan,2499.877
4,1,8,200,3309.861,2480.063,827.364,1.00,nan,2499.985
4,0,8,200,3312.360,2479.690,829.454,1.00,nan,2499.903
4,2,8,200,3348.632,2482.047,864.127,1.00,nan,2502.697
4,3,8,200,3349.577,2518.568,827.994,1.00,nan,2538.957
4,1,9,200,3347.293,2519.639,825.188,1.00,nan,2539.826
4,0,9,200,3360.209,2514.775,842.069,1.00,nan,2535.343
4,2,9,200,3331.254,2492.813,835.024,1.00,nan,2513.011
4,3,9,200,3338.504,2499.961,835.677,1.00,nan,2520.146
8,0,0,200,838.547,0.076,824.779,1.00,nan,20.720
8,6,0,200,1667.227,824.786,831.525,1.00,nan,845.282
8,1,0,200,2500.056,1656.392,830.283,1.00,nan,1676.772
8,2,0,200,3329.524,2486.771,829.755,1.00,nan,2506.774
8,3,0,200,4161.680,3316.609,832.621,1.00,nan,3336.707
8,4,0,200,4988.124,4149.340,826.454,1.00,nan,4169.896
8,5,0,200,5813.128,4975.953,826.024,1.00,nan,4996.327
8,7,0,200,6648.061,5801.878,835.538,1.00,nan,5822.400
8,0,1,200,6642.774,5810.658,828.918,1.00,nan,5830.911
8,6,1,200,6648.036,5807.870,837.032,1.00,nan,5829.068
8,1,1,200,6645.255,5814.682,827.342,1.00,nan,5834.997
8,2,1,200,6640.622,5812.256,825.195,1.00,nan,5832.603
8,3,1,200,6635.890,5805.008,827.789,1.00,nan,5825.367
8,4,1,200,6635.995,5805.935,826.781,1.00,nan,5826.208
8,5,1,200,6638.547,5807.791,827.972,1.00,nan,5827.859
8,7,1,200,6636.902,5799.259,835.212,1.00,nan,5819.408
8,0,2,200,6644.533,5805.563,836.575,1.00,nan,5825.620
8,6,2,200,6643.216,5804.975,835.628,1.00,nan,5825.527
8,1,2,200,6650.364,5813.290,834.494,1.00,nan,5835.327
8,2,2,200,6661.156,5822.590,836.044,1.00,nan,5844.053
8,3,2,200,6669.971,5830.892,836.805,1.00,nan,5852.510
8,4,2,200,6671.517,5840.772,827.584,1.00,nan,5860.835
8,5,2,200,6668.884,5840.354,825.354,1.00,nan,5860.267
8,7,2,200,6661.238,5831.933,827.204,1.00,nan,5852.164
8,0,3,200,6649.145,5822.587,824.341,1.00,nan,5842.940
8,6,3,200,6639.722,5810.878,826.289,1.00,nan,5831.285
8,1,3,200,6633.332,5802.923,827.704,1.00,nan,5823.307
8,2,3,200,6623.157,5794.750,825.835,1.00,nan,5815.028
8,3,3,200,6613.807,5784.100,827.183,1.00,nan,5804.403
8,4,3,200,6611.643,5782.333,826.148,1.00,nan,5802.579
8,5,3,200,6612.277,5783.161,825.922,1.00,nan,5803.398
8,7,3,200,6611.769,5782.619,826.187,1.00,nan,5802.908
8,0,4,200,6613.007,5784.328,825.740,1.00,nan,5804.254
8,6,4,200,6611.892,5783.768,825.264,1.00,nan,5803.656
8,1,4,200,6608.877,5780.575,825.229,1.00,nan,5800.740
8,2,4,200,6608.782,5780.053,825.465,1.00,nan,5799.937
8,3,4,200,6607.552,5778.250,826.053,1.00,nan,5798.111
8,4,4,200,6607.275,5778.091,825.924,1.00,nan,5798.153
8,5,4,200,6608.488,5778.130,827.165,1.00,nan,5798.241
8,7,4,200,6606.919,5778.992,825.525,1.00,nan,5799.026
16,0,0,200,849.052,0.759,821.469,1.00,nan,20.620
16,1,0,200,1675.468,822.334,826.469,1.00,nan,842.392
16,2,0,200,2499.921,1648.958,824.716,1.00,nan,1668.946
16,3,0,200,3326.829,2473.809,826.827,1.00,nan,2493.869
16,4,0,200,4150.664,3300.688,824.425,1.00,nan,3320.494
16,5,0,200,4977.391,4125.243,826.312,1.00,nan,4145.626
16,6,0,200,5801.730,4951.709,824.335,1.00,nan,4972.004
16,7,0,200,6628.336,5776.209,826.561,1.00,nan,5796.440
16,8,0,200,7456.959,6602.925,828.857,1.00,nan,6623.140
16,9,0,200,8283.622,7431.915,826.653,1.00,nan,7451.787
16,10,0,200,9109.542,8258.715,826.084,1.00,nan,8278.637
16,11,0,200,9936.673,9084.955,826.908,1.00,nan,9105.142
16,12,0,200,10765.432,9912.007,827.661,1.00,nan,9932.100
16,13,0,200,11589.632,10739.671,825.509,1.00,nan,10759.684
16,14,0,200,12415.663,11565.106,825.809,1.00,nan,11585.299
16,15,0,200,13241.687,12391.052,826.439,1.00,nan,12411.210
16,0,1,200,13223.246,12393.591,826.692,1.00,nan,12413.527
16,1,1,200,13224.885,12393.546,827.906,1.00,nan,12413.723
16,2,1,200,13226.905,12397.020,826.793,1.00,nan,12417.215
16,3,1,200,13225.646,12396.915,826.460,1.00,nan,12417.144
16,4,1,200,13229.619,12399.734,826.924,1.00,nan,12419.950
16,5,1,200,13231.332,12399.561,828.298,1.00,nan,12419.741
16,6,1,200,13235.781,12403.496,828.949,1.00,nan,12423.787
16,7,1,200,13235.125,12405.878,826.492,1.00,nan,12425.893
16,8,1,200,13234.645,12403.542,827.853,1.00,nan,12423.975
16,9,1,200,13249.099,12404.669,841.456,1.00,nan,12424.715
16,10,1,200,13249.506,12420.206,826.071,1.00,nan,12440.181
16,11,1,200,13249.493,12415.294,827.341,1.00,nan,12435.471
16,12,1,200,13244.936,12417.618,824.334,1.00,nan,12437.645
16,13,1,200,13245.261,12417.605,824.592,1.00,nan,12437.484
16,14,1,200,13243.722,12415.954,824.582,1.00,nan,12435.906
16,15,1,200,13241.555,12414.701,824.525,1.00,nan,12434.638
16,0,2,200,13242.837,12412.219,827.195,1.00,nan,12432.055
16,1,2,200,13239.361,12410.992,825.006,1.00,nan,12431.218
16,2,2,200,13242.443,12409.607,829.392,1.00,nan,12429.502
16,3,2,200,13243.876,12413.868,827.121,1.00,nan,12434.033
16,4,2,200,13241.699,12412.420,825.656,1.00,nan,12432.436
16,5,2,200,13240.890,12409.571,828.077,1.00,nan,12429.682
16,6,2,200,13238.530,12408.893,826.064,1.00,nan,12428.734
16,7,2,200,13238.735,12409.333,826.367,1.00,nan,12429.215
