idx,send_s,status,latency_ms,queue_wait_ms,batch_size,queue_depth_at_enqueue
0,0.0002,200,572.55,10.66,1.0,0.0
1,0.0509,200,1366.00,517.23,8.0,0.0
2,0.1013,200,1311.12,467.05,8.0,1.0
3,0.1510,200,1261.17,417.39,8.0,2.0
4,0.2012,200,1213.81,367.47,8.0,3.0
5,0.2513,200,1164.14,317.71,8.0,4.0
6,0.3013,200,1114.46,266.67,8.0,5.0
7,0.3509,200,1065.20,216.35,8.0,6.0
8,0.4009,200,1015.56,167.11,8.0,7.0
9,0.4514,200,1805.82,953.87,8.0,8.0
10,0.5008,200,1756.08,904.92,8.0,9.0
11,0.5512,200,1706.55,856.62,8.0,10.0
12,0.6011,200,1656.34,807.40,8.0,3.0
13,0.6512,200,1606.87,755.89,8.0,4.0
14,0.7014,200,1557.09,703.44,8.0,5.0
15,0.7513,200,1507.65,654.22,8.0,6.0
16,0.8014,200,1458.41,604.09,8.0,7.0
17,0.8503,200,2246.09,1399.15,8.0,8.0
18,0.9007,200,2198.08,1348.35,8.0,9.0
19,0.9514,200,2144.60,1297.09,8.0,10.0
20,1.0014,200,2097.14,1246.62,8.0,11.0
21,1.0510,200,2048.16,1197.32,8.0,12.0
22,1.1013,200,1998.19,1147.01,8.0,13.0
23,1.1515,200,1948.48,1096.68,8.0,14.0
24,1.2008,200,1900.00,1048.37,8.0,15.0
25,1.2508,503,5.69,nan,nan,16.0
26,1.3014,503,4.10,nan,nan,16.0
27,1.3513,503,4.51,nan,nan,16.0
28,1.4013,503,4.28,nan,nan,16.0
29,1.4514,200,2489.90,1639.08,8.0,8.0
30,1.5014,200,2437.08,1588.65,8.0,9.0
31,1.5513,200,2386.96,1538.71,8.0,10.0
32,1.6008,200,2337.81,1489.30,8.0,11.0
33,1.6508,200,2288.99,1439.44,8.0,12.0
34,1.7012,200,2238.85,1389.65,8.0,13.0
35,1.7514,200,2189.02,1339.02,8.0,14.0
36,1.8009,200,2139.95,1289.40,8.0,15.0
37,1.8511,503,3.69,nan,nan,16.0
38,1.9015,503,3.72,nan,nan,16.0
39,1.9514,503,4.18,nan,nan,16.0
40,2.0007,503,3.80,nan,nan,16.0
41,2.0513,503,3.77,nan,nan,16.0
42,2.1015,503,3.90,nan,nan,16.0
43,2.1513,503,4.44,nan,nan,16.0
44,2.2014,503,3.68,nan,nan,16.0
45,2.2514,200,2535.60,1682.77,8.0,8.0
46,2.3007,200,2484.40,1633.28,8.0,9.0
47,2.3515,200,2434.02,1582.30,8.0,10.0
48,2.4002,200,2381.98,1534.37,8.0,11.0
49,2.4514,200,2331.08,1482.44,8.0,12.0
50,2.5014,200,2284.42,1432.50,8.0,13.0
51,2.5507,200,2235.46,1382.48,8.0,14.0
52,2.6014,200,2185.21,1332.59,8.0,15.0
53,2.6513,503,3.57,nan,nan,16.0
54,2.7014,503,3.94,nan,nan,16.0
55,2.7509,503,3.75,nan,nan,16.0
56,2.8008,503,3.80,nan,nan,16.0
57,2.8513,503,4.42,nan,nan,16.0
58,2.9014,503,4.23,nan,nan,16.0
59,2.9504,503,3.75,nan,nan,16.0
60,3.0008,503,3.55,nan,nan,16.0
61,3.0513,503,4.45,nan,nan,16.0
62,3.1010,200,2525.58,1676.71,8.0,8.0
63,3.1512,200,2477.63,1625.55,8.0,9.0
64,3.2013,200,2428.25,1575.01,8.0,10.0
65,3.2508,200,2375.49,1525.88,8.0,11.0
66,3.3013,200,2327.95,1475.01,8.0,12.0
67,3.3513,200,2278.60,1424.68,8.0,13.0
68,3.4013,200,2228.99,1375.13,8.0,14.0
69,3.4513,200,2179.35,1325.23,8.0,15.0
70,3.5013,503,3.82,nan,nan,16.0
71,3.5506,503,3.91,nan,nan,16.0
72,3.6008,503,3.69,nan,nan,16.0
73,3.6513,503,3.76,nan,nan,16.0
74,3.7006,503,4.06,nan,nan,16.0
75,3.7514,503,4.03,nan,nan,16.0
76,3.8013,503,4.27,nan,nan,16.0
77,3.8512,503,3.49,nan,nan,16.0
78,3.9007,503,3.74,nan,nan,16.0
79,3.9512,200,2523.91,1670.51,8.0,8.0
80,4.0012,200,2469.36,1620.53,8.0,9.0
81,4.0511,200,2419.12,1570.71,8.0,10.0
82,4.1012,200,2371.44,1519.95,8.0,11.0
83,4.1508,200,2322.17,1469.06,8.0,12.0
84,4.2007,200,2272.55,1419.65,8.0,13.0
85,4.2512,200,2222.71,1369.80,8.0,14.0
86,4.3013,200,2173.25,1319.64,8.0,15.0
87,4.3509,503,4.40,nan,nan,16.0
88,4.4011,503,4.13,nan,nan,16.0
89,4.4513,503,3.44,nan,nan,16.0
90,4.5013,503,3.25,nan,nan,16.0
91,4.5514,503,4.10,nan,nan,16.0
92,4.6009,503,1.77,nan,nan,16.0
93,4.6506,503,1.88,nan,nan,16.0
94,4.7012,503,2.15,nan,nan,16.0
95,4.7507,503,3.93,nan,nan,16.0
96,4.8007,200,2515.48,1664.67,8.0,8.0
97,4.8512,200,2466.89,1613.69,8.0,9.0
98,4.9013,200,2414.59,1563.87,8.0,10.0
99,4.9513,200,2365.15,1513.50,8.0,11.0
100,5.0005,200,2318.09,1464.16,8.0,12.0
101,5.0508,200,2268.17,1413.61,8.0,13.0
102,5.1013,200,2218.12,1363.66,8.0,14.0
103,5.1508,200,2168.97,1313.83,8.0,15.0
104,5.2013,503,4.49,nan,nan,16.0
105,5.2513,503,4.39,nan,nan,16.0
106,5.3014,503,4.04,nan,nan,16.0
107,5.3514,503,3.51,nan,nan,16.0
108,5.4007,503,3.01,nan,nan,16.0
109,5.4507,503,3.83,nan,nan,16.0
110,5.5013,503,4.28,nan,nan,16.0
111,5.5512,503,4.18,nan,nan,16.0
112,5.6015,503,4.02,nan,nan,16.0
113,5.6503,200,2512.74,1660.98,8.0,8.0
114,5.7013,200,2464.05,1609.15,8.0,9.0
115,5.7513,200,2414.92,1559.01,8.0,10.0
116,5.8014,200,2361.29,1509.03,8.0,11.0
117,5.8513,200,2314.39,1459.37,8.0,12.0
118,5.9007,200,2265.90,1409.81,8.0,13.0
119,5.9511,200,2215.92,1361.09,8.0,14.0
120,6.0012,200,2166.41,1310.75,8.0,15.0
121,6.0506,503,2.11,nan,nan,16.0
122,6.1007,503,3.63,nan,nan,16.0
123,6.1507,503,3.80,nan,nan,16.0
124,6.2014,503,4.22,nan,nan,16.0
125,6.2513,503,3.65,nan,nan,16.0
126,6.3013,503,3.68,nan,nan,16.0
127,6.3509,503,3.89,nan,nan,16.0
128,6.4009,503,3.97,nan,nan,16.0
129,6.4514,503,4.13,nan,nan,16.0
130,6.5013,200,2513.89,1656.58,8.0,8.0
131,6.5515,200,2459.17,1606.33,8.0,9.0
132,6.6007,200,2409.73,1558.52,8.0,10.0
133,6.6506,200,2362.66,1508.65,8.0,11.0
134,6.7012,200,2312.45,1458.25,8.0,12.0
135,6.7513,200,2262.69,1406.37,8.0,13.0
136,6.8014,200,2212.92,1355.98,8.0,14.0
137,6.8509,200,2163.83,1307.50,8.0,15.0
138,6.9013,503,4.15,nan,nan,16.0
139,6.9512,503,3.86,nan,nan,16.0
140,7.0013,503,4.23,nan,nan,16.0
141,7.0513,503,3.82,nan,nan,16.0
142,7.1007,503,3.73,nan,nan,16.0
143,7.1513,503,3.76,nan,nan,16.0
144,7.2013,503,4.42,nan,nan,16.0
145,7.2513,503,4.37,nan,nan,16.0
146,7.3014,503,4.07,nan,nan,16.0
147,7.3506,200,2507.93,1655.46,8.0,8.0
148,7.4014,200,2460.36,1603.67,8.0,9.0
149,7.4507,200,2407.59,1554.43,8.0,10.0
150,7.5007,200,2360.55,1504.60,8.0,11.0
151,7.5513,200,2310.81,1454.21,8.0,12.0
152,7.6014,200,2261.09,1404.12,8.0,13.0
153,7.6514,200,2211.41,1352.87,8.0,14.0
154,7.7014,200,2161.82,1304.09,8.0,15.0
155,7.7513,503,4.39,nan,nan,16.0
156,7.8004,503,3.91,nan,nan,16.0
157,7.8513,503,3.76,nan,nan,16.0
158,7.9014,503,4.16,nan,nan,16.0
159,7.9506,503,4.22,nan,nan,16.0
160,8.0013,503,3.93,nan,nan,16.0
161,8.0503,503,3.88,nan,nan,16.0
162,8.1008,503,4.00,nan,nan,16.0
163,8.1514,503,4.18,nan,nan,16.0
164,8.2013,200,2504.96,1651.95,8.0,8.0
165,8.2507,200,2455.79,1602.72,8.0,9.0
166,8.3007,200,2406.54,1552.89,8.0,10.0
167,8.3505,200,2355.52,1502.52,8.0,11.0
168,8.4002,200,2306.62,1454.02,8.0,12.0
169,8.4509,200,2256.73,1402.25,8.0,13.0
170,8.5013,200,2206.72,1352.40,8.0,14.0
171,8.5514,200,2157.35,1302.31,8.0,15.0
172,8.6013,503,3.82,nan,nan,16.0
173,8.6514,503,3.74,nan,nan,16.0
174,8.7014,503,4.08,nan,nan,16.0
175,8.7507,503,4.14,nan,nan,16.0
176,8.8007,503,4.02,nan,nan,16.0
177,8.8513,503,4.40,nan,nan,16.0
178,8.9006,503,4.13,nan,nan,16.0
179,8.9513,503,4.21,nan,nan,16.0
180,9.0006,503,3.75,nan,nan,16.0
181,9.0513,200,2507.83,1647.13,8.0,8.0
182,9.1013,200,2455.41,1597.01,8.0,9.0
183,9.1508,200,2405.70,1548.06,8.0,10.0
184,9.2014,200,2355.60,1496.50,8.0,11.0
185,9.2508,200,2306.47,1448.05,8.0,12.0
186,9.3006,200,2257.12,1398.73,8.0,13.0
187,9.3505,200,2207.71,1348.53,8.0,14.0
188,9.4006,200,2158.00,1298.34,8.0,15.0
189,9.4513,503,4.33,nan,nan,16.0
190,9.5008,503,4.42,nan,nan,16.0
191,9.5513,503,2.94,nan,nan,16.0
192,9.6013,503,2.87,nan,nan,16.0
193,9.6513,503,3.71,nan,nan,16.0
194,9.7008,503,4.31,nan,nan,16.0
195,9.7513,503,4.44,nan,nan,16.0
196,9.8014,503,3.67,nan,nan,16.0
197,9.8512,503,3.32,nan,nan,16.0
198,9.9007,200,2499.89,1646.80,8.0,8.0
199,9.9514,200,2452.15,1595.83,8.0,9.0
200,10.0007,200,2399.51,1546.45,8.0,10.0
201,10.0508,200,2352.26,1496.10,8.0,11.0
202,10.1013,200,2302.63,1445.87,8.0,12.0
203,10.1513,200,2252.99,1396.07,8.0,13.0
204,10.2007,200,2203.96,1347.23,8.0,14.0
205,10.2508,200,2154.26,1296.76,8.0,15.0
206,10.3007,503,4.51,nan,nan,16.0
207,10.3508,503,3.96,nan,nan,16.0
208,10.4006,503,3.85,nan,nan,16.0
209,10.4507,503,3.78,nan,nan,16.0
210,10.5006,503,3.87,nan,nan,16.0
211,10.5508,503,3.79,nan,nan,16.0
212,10.6012,503,4.30,nan,nan,16.0
213,10.6507,503,3.91,nan,nan,16.0
214,10.7007,200,2542.69,1693.39,8.0,8.0
215,10.7507,200,2495.55,1642.68,8.0,9.0
216,10.8013,200,2444.33,1592.41,8.0,10.0
217,10.8514,200,2394.53,1542.12,8.0,11.0
218,10.9015,200,2341.62,1492.12,8.0,12.0
219,10.9514,200,2295.25,1442.28,8.0,13.0
220,11.0013,200,2246.24,1392.46,8.0,14.0
221,11.0514,200,2196.57,1343.24,8.0,15.0
222,11.1007,503,4.66,nan,nan,16.0
223,11.1514,503,4.41,nan,nan,16.0
224,11.2012,503,2.52,nan,nan,16.0
225,11.2513,503,4.03,nan,nan,16.0
226,11.3007,503,3.39,nan,nan,16.0
227,11.3515,503,4.19,nan,nan,16.0
228,11.4007,503,2.95,nan,nan,16.0
229,11.4507,503,3.81,nan,nan,16.0
230,11.5007,503,4.52,nan,nan,16.0
231,11.5513,200,2535.18,1679.93,8.0,8.0
232,11.6014,200,2485.55,1635.16,8.0,9.0
233,11.6513,200,2430.80,1586.03,8.0,10.0
234,11.7014,200,2380.41,1535.32,8.0,11.0
235,11.7508,200,2333.65,1486.13,8.0,12.0
236,11.8013,200,2283.95,1435.32,8.0,13.0
237,11.8514,200,2234.36,1385.65,8.0,14.0
238,11.9014,200,2184.76,1336.11,8.0,15.0
239,11.9507,503,4.00,nan,nan,16.0
240,12.0013,503,3.31,nan,nan,16.0
241,12.0508,503,3.77,nan,nan,16.0
242,12.1013,503,4.34,nan,nan,16.0
243,12.1506,503,4.00,nan,nan,16.0
244,12.2013,503,3.91,nan,nan,16.0
245,12.2514,503,3.80,nan,nan,16.0
246,12.3013,503,3.93,nan,nan,16.0
247,12.3512,503,4.07,nan,nan,16.0
248,12.4052,200,2515.73,1672.38,8.0,8.0
249,12.4513,200,2471.70,1624.95,8.0,9.0
250,12.5012,200,2422.40,1575.59,8.0,10.0
251,12.5507,200,2369.86,1525.61,8.0,11.0
252,12.6013,200,2321.95,1475.59,8.0,12.0
253,12.6514,200,2272.55,1425.21,8.0,13.0
254,12.7013,200,2223.36,1375.39,8.0,14.0
255,12.7514,200,2173.78,1324.61,8.0,15.0
256,12.8007,503,3.75,nan,nan,16.0
257,12.8512,503,2.87,nan,nan,16.0
258,12.9007,503,3.49,nan,nan,16.0
259,12.9514,503,3.45,nan,nan,16.0
260,13.0014,503,4.23,nan,nan,16.0
261,13.0514,503,4.19,nan,nan,16.0
262,13.1015,503,3.19,nan,nan,16.0
263,13.1514,503,3.70,nan,nan,16.0
264,13.2007,503,3.72,nan,nan,16.0
265,13.2504,200,2512.27,1665.52,8.0,8.0
266,13.3004,200,2462.52,1614.45,8.0,9.0
267,13.3513,200,2412.28,1563.13,8.0,10.0
268,13.4013,200,2359.01,1513.38,8.0,11.0
269,13.4507,200,2312.56,1464.62,8.0,12.0
270,13.5014,200,2262.92,1413.59,8.0,13.0
271,13.5513,200,2213.50,1363.27,8.0,14.0
272,13.6007,200,2164.58,1314.31,8.0,15.0
273,13.6513,503,3.85,nan,nan,16.0
274,13.7013,503,4.08,nan,nan,16.0
275,13.7514,503,3.79,nan,nan,16.0
276,13.8007,503,3.67,nan,nan,16.0
277,13.8513,503,3.76,nan,nan,16.0
278,13.9007,503,4.36,nan,nan,16.0
279,13.9513,503,4.17,nan,nan,16.0
280,14.0015,503,3.70,nan,nan,16.0
281,14.0512,503,3.54,nan,nan,16.0
282,14.1012,200,2509.69,1655.33,8.0,8.0
283,14.1508,200,2458.44,1604.49,8.0,9.0
284,14.2013,200,2405.07,1554.04,8.0,10.0
285,14.2507,200,2358.84,1504.92,8.0,11.0
286,14.3012,200,2308.63,1455.20,8.0,12.0
287,14.3514,200,2258.78,1403.60,8.0,13.0
288,14.4007,200,2209.78,1355.18,8.0,14.0
289,14.4508,200,2160.44,1304.60,8.0,15.0
290,14.5013,503,3.12,nan,nan,16.0
291,14.5507,503,3.66,nan,nan,16.0
292,14.6012,503,3.74,nan,nan,16.0
293,14.6512,503,2.92,nan,nan,16.0
294,14.7007,503,4.20,nan,nan,16.0
295,14.7514,503,3.07,nan,nan,16.0
296,14.8007,503,3.71,nan,nan,16.0
297,14.8515,503,3.52,nan,nan,16.0
298,14.9007,503,4.20,nan,nan,16.0
299,14.9513,200,2498.08,1650.41,8.0,8.0
300,15.0008,200,2451.05,1601.47,8.0,9.0
301,15.0507,200,2401.70,1550.74,8.0,10.0
302,15.1013,200,2347.76,1500.56,8.0,11.0
303,15.1513,200,2300.85,1450.39,8.0,12.0
304,15.2022,200,2250.59,1399.93,8.0,13.0
305,15.2507,200,2202.89,1351.72,8.0,14.0
306,15.3014,200,2152.73,1300.82,8.0,15.0
307,15.3508,503,4.05,nan,nan,16.0
308,15.4007,503,4.15,nan,nan,16.0
309,15.4513,503,4.35,nan,nan,16.0
310,15.5013,503,4.26,nan,nan,16.0
311,15.5514,503,3.64,nan,nan,16.0
312,15.6014,503,3.52,nan,nan,16.0
313,15.6506,503,4.18,nan,nan,16.0
314,15.7006,503,4.07,nan,nan,16.0
315,15.7513,503,4.12,nan,nan,16.0
316,15.8015,200,2494.06,1641.18,8.0,8.0
317,15.8513,200,2446.49,1591.12,8.0,9.0
318,15.9014,200,2397.00,1541.28,8.0,10.0
319,15.9508,200,2344.36,1491.73,8.0,11.0
320,16.0014,200,2296.66,1441.45,8.0,12.0
321,16.0506,200,2248.05,1392.18,8.0,13.0
322,16.1007,200,2198.39,1342.57,8.0,14.0
323,16.1506,200,2148.89,1292.30,8.0,15.0
324,16.2007,503,4.87,nan,nan,16.0
325,16.2507,503,3.93,nan,nan,16.0
326,16.3014,503,4.21,nan,nan,16.0
327,16.3512,503,3.95,nan,nan,16.0
328,16.4014,503,3.99,nan,nan,16.0
329,16.4506,503,3.54,nan,nan,16.0
330,16.5013,503,4.04,nan,nan,16.0
331,16.5507,503,3.92,nan,nan,16.0
332,16.6007,503,3.95,nan,nan,16.0
333,16.6513,200,2491.09,1637.38,8.0,8.0
334,16.7006,200,2437.29,1588.44,8.0,9.0
335,16.7514,200,2386.22,1537.49,8.0,10.0
336,16.8014,200,2338.79,1488.18,8.0,11.0
337,16.8514,200,2289.26,1437.61,8.0,12.0
338,16.9013,200,2239.69,1387.45,8.0,13.0
339,16.9513,200,2190.41,1337.64,8.0,14.0
340,17.0014,200,2141.55,1287.68,8.0,15.0
341,17.0512,503,3.15,nan,nan,16.0
342,17.1006,503,3.31,nan,nan,16.0
343,17.1506,503,3.69,nan,nan,16.0
344,17.2013,503,4.11,nan,nan,16.0
345,17.2513,503,4.05,nan,nan,16.0
346,17.3014,503,4.34,nan,nan,16.0
347,17.3513,503,4.06,nan,nan,16.0
348,17.4007,503,2.90,nan,nan,16.0
349,17.4543,200,2528.36,1678.43,8.0,8.0
350,17.5013,200,2484.12,1630.15,8.0,9.0
351,17.5506,200,2435.55,1580.90,8.0,10.0
352,17.6007,200,2381.64,1530.88,8.0,11.0
353,17.6507,200,2334.96,1481.46,8.0,12.0
354,17.7006,200,2286.06,1430.93,8.0,13.0
355,17.7508,200,2236.58,1381.00,8.0,14.0
356,17.8014,200,2186.48,1329.56,8.0,15.0
357,17.8507,503,3.72,nan,nan,16.0
358,17.9013,503,4.18,nan,nan,16.0
359,17.9506,503,3.72,nan,nan,16.0
360,18.0006,503,4.12,nan,nan,16.0
361,18.0513,503,4.34,nan,nan,16.0
362,18.1013,503,4.46,nan,nan,16.0
363,18.1507,503,6.20,nan,nan,16.0
364,18.2006,503,3.93,nan,nan,16.0
365,18.2512,503,3.25,nan,nan,16.0
366,18.3002,200,2529.09,1676.92,8.0,8.0
367,18.3508,200,2479.48,1625.90,8.0,9.0
368,18.4014,200,2430.26,1575.03,8.0,10.0
369,18.4513,200,2374.79,1525.08,8.0,11.0
370,18.5013,200,2329.73,1475.85,8.0,12.0
371,18.5506,200,2281.66,1425.81,8.0,13.0
372,18.6006,200,2232.33,1376.47,8.0,14.0
373,18.6513,200,2182.21,1324.40,8.0,15.0
374,18.7006,503,4.08,nan,nan,16.0
375,18.7506,503,3.85,nan,nan,16.0
376,18.8014,503,4.28,nan,nan,16.0
377,18.8503,503,3.39,nan,nan,16.0
378,18.9013,503,4.06,nan,nan,16.0
379,18.9513,503,3.54,nan,nan,16.0
380,19.0014,503,3.77,nan,nan,16.0
381,19.0513,503,3.83,nan,nan,16.0
382,19.1006,503,3.58,nan,nan,16.0
383,19.1506,200,2524.78,1669.58,8.0,8.0
384,19.2007,200,2467.87,1618.83,8.0,9.0
385,19.2506,200,2416.92,1568.78,8.0,10.0
386,19.3012,200,2370.27,1519.00,8.0,11.0
387,19.3515,200,2321.21,1468.01,8.0,12.0
388,19.4013,200,2272.42,1418.25,8.0,13.0
389,19.4507,200,2223.85,1367.49,8.0,14.0
390,19.5006,200,2175.72,1319.57,8.0,15.0
391,19.5503,503,3.65,nan,nan,16.0
392,19.6013,503,3.15,nan,nan,16.0
393,19.6506,503,4.17,nan,nan,16.0
394,19.7013,503,3.57,nan,nan,16.0
395,19.7506,503,3.34,nan,nan,16.0
396,19.8014,503,2.72,nan,nan,16.0
397,19.8511,503,2.39,nan,nan,16.0
398,19.9013,503,4.28,nan,nan,16.0
399,19.9533,503,3.77,nan,nan,16.0
