tier,send_s,status,latency_ms,queue_wait_ms,aged,queue_depth_at_enqueue
paid,0.0002,200,611.20,10.63,0,0.0
free,0.0007,200,610.91,10.50,0,0.0
paid,0.1012,200,1268.59,505.35,0,0.0
paid,0.2012,200,1166.46,406.01,0,1.0
paid,0.3011,200,1068.98,303.50,0,2.0
paid,0.4012,200,969.43,205.07,0,3.0
paid,0.5012,200,869.16,104.94,0,4.0
paid,0.6012,200,769.69,4.98,0,5.0
paid,0.7005,200,1513.62,662.08,0,0.0
paid,0.8011,200,1410.65,560.84,0,1.0
paid,0.9013,200,1313.26,459.73,0,2.0
free,1.0010,200,1214.54,358.25,0,3.0
paid,1.0020,200,1209.42,357.56,0,4.0
paid,1.1012,200,1113.55,260.83,0,5.0
paid,1.2011,200,1013.93,158.56,0,6.0
paid,1.3012,200,914.07,59.90,0,7.0
paid,1.4012,200,1652.45,804.82,0,0.0
paid,1.5014,200,1550.10,704.25,0,1.0
paid,1.6013,200,1452.66,604.78,0,2.0
paid,1.7006,200,1353.92,505.30,0,3.0
paid,1.8013,200,1252.96,404.72,0,4.0
paid,1.9013,200,1153.64,304.58,0,5.0
free,2.0011,200,9497.38,8642.82,0,6.0
paid,2.0015,200,1053.96,205.40,0,7.0
paid,2.1013,200,949.92,104.27,0,8.0
paid,2.2006,200,1698.19,843.89,0,9.0
paid,2.3005,200,1598.74,744.70,0,2.0
paid,2.4007,200,1495.10,644.00,0,3.0
paid,2.5012,200,1398.28,543.94,0,4.0
paid,2.6006,200,1299.25,445.70,0,5.0
paid,2.7012,200,1194.89,344.36,0,6.0
paid,2.8012,200,1098.97,244.77,0,7.0
paid,2.9011,200,999.36,144.25,0,8.0
free,3.0013,200,9340.69,8485.68,0,9.0
paid,3.0025,200,1734.13,886.00,0,10.0
paid,3.1012,200,1638.33,789.08,0,3.0
paid,3.2012,200,1535.69,688.96,0,4.0
paid,3.3012,200,1438.09,589.03,0,5.0
paid,3.4012,200,1338.68,489.36,0,6.0
paid,3.5011,200,1239.35,390.18,0,7.0
paid,3.6012,200,1139.71,289.47,0,8.0
paid,3.7012,200,1040.02,189.49,0,9.0
paid,3.8005,200,1777.28,930.72,0,10.0
paid,3.9006,200,1680.33,831.49,0,3.0
paid,4.0014,200,1579.25,728.44,0,4.0
free,4.0027,200,9177.89,8329.63,0,5.0
paid,4.1012,200,1479.98,630.16,0,6.0
paid,4.2012,200,1379.19,530.13,0,7.0
paid,4.3007,200,1280.74,429.97,0,8.0
paid,4.4012,200,1180.55,330.03,0,9.0
paid,4.5003,200,1081.85,230.70,0,10.0
paid,4.6012,200,1824.55,969.76,0,11.0
paid,4.7012,200,1721.47,871.00,0,12.0
paid,4.8003,200,1625.72,772.46,0,5.0
paid,4.9012,200,1524.28,671.49,0,6.0
free,5.0012,200,9015.71,8167.83,0,7.0
paid,5.0028,200,1423.54,569.78,0,8.0
paid,5.1011,200,1325.49,472.67,0,9.0
paid,5.2012,200,1225.76,371.97,0,10.0
paid,5.3012,200,1126.09,272.36,0,11.0
paid,5.4012,200,1865.52,1016.72,0,12.0
paid,5.5012,200,1768.14,914.90,0,13.0
paid,5.6012,200,1669.20,816.88,0,6.0
paid,5.7009,200,1566.12,717.57,0,7.0
paid,5.8012,200,1469.50,616.34,0,8.0
paid,5.9012,200,1368.46,515.95,0,9.0
free,6.0012,200,10542.51,9685.25,0,10.0
paid,6.0024,200,1268.70,415.04,0,11.0
paid,6.1013,200,1168.69,315.64,0,12.0
paid,6.2013,200,1914.23,1059.58,0,13.0
paid,6.3013,200,1811.73,958.60,0,14.0
paid,6.4012,200,1711.42,858.80,0,15.0
paid,6.5012,200,1614.58,759.74,0,8.0
paid,6.6013,200,1513.92,659.68,0,9.0
paid,6.7012,200,1414.89,560.00,0,10.0
paid,6.8013,200,1315.24,459.63,0,11.0
paid,6.9013,200,1215.54,359.29,0,12.0
free,7.0009,200,10380.82,9531.21,0,13.0
paid,7.0021,200,1960.18,1105.79,0,14.0
paid,7.1007,200,1858.84,1007.52,0,15.0
paid,7.2009,503,4.50,nan,0,16.0
paid,7.3011,200,1661.50,806.85,0,8.0
paid,7.4013,200,1558.00,705.97,0,9.0
paid,7.5004,200,1462.84,607.59,0,10.0
paid,7.6012,200,1360.54,506.81,0,11.0
paid,7.7012,200,1262.53,407.01,0,12.0
paid,7.8012,200,1160.82,307.13,0,13.0
paid,7.9011,200,1904.10,1052.21,0,14.0
free,8.0011,200,10222.17,9369.24,0,15.0
paid,8.0024,503,3.67,nan,0,16.0
paid,8.1012,503,2.95,nan,0,16.0
paid,8.2012,200,1607.14,752.34,0,8.0
paid,8.3013,200,1506.45,651.71,0,9.0
paid,8.4012,200,1407.41,552.60,0,10.0
paid,8.5010,200,1307.00,452.83,0,11.0
paid,8.6012,200,1207.70,351.86,0,12.0
paid,8.7012,200,1108.14,252.47,0,13.0
paid,8.8012,200,1004.26,153.19,0,14.0
paid,8.9013,200,1747.58,898.63,0,15.0
free,9.0013,200,10070.11,9212.76,0,8.0
paid,9.0029,200,1648.54,797.00,0,9.0
paid,9.1006,200,1552.15,699.61,0,10.0
paid,9.2012,200,1447.91,598.98,0,11.0
paid,9.3012,200,1351.14,498.99,0,12.0
paid,9.4010,200,1250.68,398.97,0,13.0
paid,9.5012,200,1151.91,299.19,0,14.0
paid,9.6012,200,1050.82,199.25,0,15.0
paid,9.7009,503,3.63,nan,0,16.0
paid,9.8012,200,1692.87,841.69,0,8.0
paid,9.9010,200,1596.35,742.10,0,9.0
free,10.0009,200,9909.82,9058.65,0,10.0
paid,10.0022,200,1495.48,641.37,0,11.0
paid,10.1012,200,1395.45,542.43,0,12.0
paid,10.2012,200,1295.82,442.73,0,13.0
paid,10.3012,200,1196.92,342.78,0,14.0
paid,10.4012,200,1093.11,242.18,0,15.0
paid,10.5012,503,3.44,nan,0,16.0
paid,10.6007,503,3.13,nan,0,16.0
paid,10.7011,200,1636.54,787.65,0,8.0
paid,10.8012,200,1540.42,687.27,0,9.0
paid,10.9011,200,1439.10,586.98,0,10.0
free,11.0003,200,10592.10,9741.46,0,11.0
paid,11.0016,200,1336.38,486.58,0,12.0
paid,11.1012,200,1240.10,387.60,0,13.0
paid,11.2012,200,1139.32,287.36,0,14.0
paid,11.3012,200,1039.74,187.65,0,15.0
paid,11.4012,503,3.84,nan,0,16.0
paid,11.5003,200,1678.59,833.16,0,8.0
paid,11.6012,200,1578.71,731.47,0,9.0
paid,11.7005,200,1479.03,632.47,0,10.0
paid,11.8010,200,1378.25,531.25,0,11.0
paid,11.9006,200,1279.65,431.73,0,12.0
free,12.0010,200,10437.51,9580.17,0,13.0
paid,12.0023,200,1174.06,330.12,0,14.0
paid,12.1003,200,1076.35,232.72,0,15.0
paid,12.2010,503,4.03,nan,0,16.0
paid,12.3013,503,3.83,nan,0,16.0
paid,12.4012,200,1611.55,769.62,0,8.0
paid,12.5012,200,1514.92,669.96,0,9.0
paid,12.6008,200,1414.44,569.78,0,10.0
paid,12.7012,200,1314.63,470.04,0,11.0
paid,12.8012,200,1211.77,369.72,0,12.0
paid,12.9012,200,1115.18,269.87,0,13.0
free,13.0014,200,10282.18,9426.78,0,14.0
paid,13.0027,200,1012.76,168.35,0,15.0
paid,13.1012,503,4.13,nan,0,16.0
paid,13.2012,200,1655.13,807.78,0,8.0
paid,13.3012,200,1556.49,707.80,0,9.0
paid,13.4010,200,1456.30,607.75,0,10.0
paid,13.5012,200,1355.74,507.77,0,11.0
paid,13.6010,200,1255.57,407.43,0,12.0
paid,13.7012,200,1157.27,308.07,0,13.0
paid,13.8012,200,1052.53,207.92,0,14.0
paid,13.9012,200,952.88,107.89,0,15.0
paid,14.0013,503,4.78,nan,0,16.0
free,14.0029,503,4.97,nan,0,16.0
paid,14.1012,200,1591.81,746.32,0,8.0
paid,14.2005,200,1495.97,647.06,0,9.0
paid,14.3012,200,1396.06,546.25,0,10.0
paid,14.4011,200,1294.50,446.89,0,11.0
paid,14.5012,200,1195.66,346.44,0,12.0
paid,14.6012,200,1094.62,246.30,0,13.0
paid,14.7012,200,996.73,147.23,0,14.0
paid,14.8012,200,894.92,46.43,0,15.0
paid,14.9012,200,1640.28,786.07,0,8.0
free,15.0013,200,9123.47,8272.26,0,9.0
paid,15.0028,200,1539.82,684.54,0,10.0
paid,15.1012,200,1441.02,586.17,0,11.0
paid,15.2008,200,1341.03,486.52,0,12.0
paid,15.3013,200,1241.83,386.15,0,13.0
paid,15.4012,200,1137.27,286.59,0,14.0
paid,15.5010,200,1037.86,186.69,0,15.0
paid,15.6010,503,3.18,nan,0,16.0
paid,15.7004,200,1676.81,833.74,0,8.0
paid,15.8010,200,1579.55,731.86,0,9.0
paid,15.9005,200,1480.49,632.50,0,10.0
paid,16.0009,200,1379.00,529.24,0,11.0
free,16.0030,200,8969.38,8111.18,0,12.0
paid,16.1011,200,1276.39,432.54,0,13.0
paid,16.2012,200,1180.11,331.51,0,14.0
paid,16.3013,200,1078.95,230.34,0,15.0
paid,16.4012,503,4.26,nan,0,16.0
paid,16.5012,503,3.09,nan,0,16.0
paid,16.6011,200,1622.50,770.05,0,8.0
paid,16.7005,200,1524.28,671.02,0,9.0
paid,16.8009,200,1423.44,570.44,0,10.0
paid,16.9012,200,1322.72,470.41,0,11.0
free,17.0013,200,9645.36,8795.73,0,12.0
paid,17.0028,200,1222.61,368.25,0,13.0
paid,17.1012,200,1119.54,270.11,0,14.0
paid,17.2009,200,1020.19,170.96,0,15.0
paid,17.3012,503,3.52,nan,0,16.0
paid,17.4011,200,1667.87,815.05,0,8.0
paid,17.5011,200,1568.47,714.74,0,9.0
paid,17.6010,200,1469.29,614.41,0,10.0
paid,17.7012,200,1365.63,514.04,0,11.0
paid,17.8012,200,1268.74,414.56,0,12.0
paid,17.9007,200,1168.58,315.20,0,13.0
paid,18.0005,200,1070.19,213.39,0,14.0
free,18.0020,200,9484.34,8633.95,0,15.0
paid,18.1012,503,2.88,nan,0,16.0
paid,18.2012,503,3.32,nan,0,16.0
paid,18.3012,200,1607.69,759.17,0,8.0
paid,18.4012,200,1508.51,659.19,0,9.0
paid,18.5010,200,1408.45,559.93,0,10.0
paid,18.6013,200,1307.85,459.50,0,11.0
paid,18.7012,200,1209.13,359.40,0,12.0
paid,18.8012,200,1105.38,259.32,0,13.0
paid,18.9013,200,1005.56,158.60,0,14.0
free,19.0012,200,9326.80,8475.85,0,15.0
paid,19.0024,503,4.20,nan,0,16.0
paid,19.1012,200,1650.00,800.12,0,8.0
paid,19.2013,200,1547.35,699.44,0,9.0
paid,19.3013,200,1450.22,599.45,0,10.0
paid,19.4010,200,1350.91,500.05,0,11.0
paid,19.5009,200,1247.40,400.24,0,12.0
paid,19.6008,200,1151.40,300.61,0,13.0
paid,19.7008,200,1050.03,200.89,0,14.0
paid,19.8006,200,952.22,100.61,0,15.0
paid,19.9012,200,1686.83,840.48,0,8.0
paid,20.0013,200,1590.39,739.34,0,9.0
free,20.0029,200,9166.58,8318.56,0,10.0
paid,20.1010,200,1489.73,642.35,0,11.0
paid,20.2012,200,1390.09,541.18,0,12.0
paid,20.3012,200,1289.82,441.82,0,13.0
paid,20.4012,200,1190.85,342.39,0,14.0
paid,20.5011,200,1087.20,242.52,0,15.0
paid,20.6011,503,3.35,nan,0,16.0
paid,20.7005,503,3.17,nan,0,16.0
paid,20.8012,200,1635.91,780.59,0,8.0
paid,20.9009,200,1533.72,681.27,0,9.0
free,21.0012,200,9006.89,8156.57,0,10.0
paid,21.0026,200,1435.21,579.86,0,11.0
paid,21.1012,200,1333.15,481.37,0,12.0
paid,21.2012,200,1236.26,381.45,0,13.0
paid,21.3009,200,1135.96,281.45,0,14.0
paid,21.4012,200,1036.96,180.96,0,15.0
paid,21.5012,503,3.96,nan,0,16.0
paid,21.6011,200,1682.82,828.78,0,8.0
paid,21.7011,200,1583.88,728.37,0,9.0
paid,21.8009,200,1483.72,627.71,0,10.0
paid,21.9009,200,1383.41,528.48,0,11.0
free,22.0003,200,9696.19,8837.80,0,12.0
paid,22.0014,200,1284.03,427.88,0,13.0
paid,22.1011,200,1179.08,328.67,0,14.0
paid,22.2009,200,1082.39,228.87,0,15.0
paid,22.3010,503,3.76,nan,0,16.0
paid,22.4012,503,3.54,nan,0,16.0
paid,22.5012,200,1621.80,774.03,0,8.0
paid,22.6012,200,1519.42,673.73,0,9.0
paid,22.7012,200,1422.43,573.97,0,10.0
paid,22.8013,200,1319.11,473.42,0,11.0
paid,22.9012,200,1222.06,373.82,0,12.0
free,23.0012,200,8693.61,7837.23,0,13.0
paid,23.0022,200,1121.84,273.38,0,14.0
paid,23.1012,200,1023.15,173.96,0,15.0
paid,23.2012,503,4.12,nan,0,16.0
paid,23.3012,200,1669.25,814.23,0,8.0
paid,23.4012,200,1570.13,714.11,0,9.0
paid,23.5012,200,1469.84,614.34,0,10.0
paid,23.6012,200,1369.47,513.58,0,11.0
paid,23.7012,200,1270.80,414.25,0,12.0
paid,23.8012,200,1166.50,314.28,0,13.0
paid,23.9012,200,1066.94,214.23,0,14.0
free,24.0012,200,7694.31,6836.05,0,15.0
paid,24.0022,503,4.73,nan,0,16.0
paid,24.1005,503,3.80,nan,0,16.0
paid,24.2009,200,1605.33,761.62,0,8.0
paid,24.3012,200,1502.81,660.99,0,9.0
paid,24.4012,200,1405.30,561.62,0,10.0
paid,24.5012,200,1305.58,461.68,0,11.0
paid,24.6012,200,1202.53,361.23,0,12.0
paid,24.7012,200,1105.87,261.64,0,13.0
paid,24.8012,200,1006.20,161.60,0,14.0
paid,24.9009,200,906.79,61.98,0,15.0
paid,25.0011,200,1643.45,796.73,0,8.0
free,25.0024,200,6694.91,5836.51,0,9.0
paid,25.1003,200,1545.01,698.26,0,10.0
paid,25.2005,200,1444.38,598.51,0,11.0
paid,25.3012,200,1344.47,497.37,0,12.0
paid,25.4009,200,1245.31,397.98,0,13.0
paid,25.5004,200,1141.55,298.65,0,14.0
paid,25.6012,200,1041.05,197.46,0,15.0
paid,25.7012,503,3.31,nan,0,16.0
paid,25.8003,200,1682.78,835.93,0,8.0
paid,25.9012,200,1585.46,735.62,0,9.0
free,26.0011,200,5690.41,4837.96,0,10.0
paid,26.0018,200,1485.14,635.53,0,11.0
paid,26.1012,200,1386.06,535.26,0,12.0
paid,26.2005,200,1282.97,436.16,0,13.0
paid,26.3013,200,1186.37,335.69,0,14.0
paid,26.4012,200,1086.98,234.72,0,15.0
paid,26.5012,503,4.38,nan,0,16.0
paid,26.6008,503,3.12,nan,0,16.0
paid,26.7009,200,1629.72,777.14,0,8.0
paid,26.8012,200,1530.06,676.33,0,9.0
paid,26.9012,200,1429.73,576.37,0,10.0
free,27.0012,200,4696.62,3836.31,0,11.0
paid,27.0024,200,1329.23,474.95,0,12.0
paid,27.1012,200,1230.78,376.50,0,13.0
paid,27.2005,200,1127.19,276.98,0,14.0
paid,27.3012,200,1031.44,176.82,0,15.0
paid,27.4011,503,3.08,nan,0,16.0
paid,27.5012,200,1666.41,821.78,0,8.0
paid,27.6012,200,1567.56,721.54,0,9.0
paid,27.7011,200,1467.96,621.64,0,10.0
paid,27.8012,200,1363.31,521.59,0,11.0
paid,27.9012,200,1266.92,420.49,0,12.0
free,28.0012,200,3697.19,2836.61,0,13.0
paid,28.0025,200,1162.39,320.24,0,14.0
paid,28.1012,200,1065.93,221.29,0,15.0
paid,28.2006,503,4.17,nan,0,16.0
paid,28.3012,503,3.65,nan,0,16.0
paid,28.4012,200,1605.33,757.36,0,8.0
paid,28.5013,200,1506.02,657.57,0,9.0
paid,28.6009,200,1406.10,557.88,0,10.0
paid,28.7008,200,1306.77,458.51,0,11.0
paid,28.8012,200,1206.64,357.57,0,12.0
paid,28.9009,200,1102.72,257.66,0,13.0
free,29.0010,200,2698.10,1836.10,0,14.0
paid,29.0024,200,1001.48,155.94,0,15.0
paid,29.1013,503,3.36,nan,0,16.0
paid,29.2009,200,1647.58,798.39,0,8.0
paid,29.3012,200,1546.59,697.95,0,9.0
paid,29.4005,200,1448.48,598.20,0,10.0
paid,29.5014,200,1348.04,496.89,0,11.0
paid,29.6013,200,1242.93,396.66,0,12.0
paid,29.7005,200,1149.33,297.66,0,13.0
paid,29.8013,200,1043.42,196.27,0,14.0
paid,29.9009,200,946.16,94.77,0,15.0
